exponent,accuracyLoss,
1.0,0.18991199200224737
2.0,0.18991199200224737
3.0,0.18991199200224737
4.0,0.18991199200224737
